{
  "probe(L11,last)": {
    "accuracy": 0.9637681159420289,
    "f1": 0.9735449735449735,
    "precision": 0.9787234042553191,
    "recall": 0.968421052631579,
    "auc": 0.9875152998776009,
    "fpr": 0.046511627906976744
  },
  "keyword_filter": {
    "accuracy": 0.8260869565217391,
    "f1": 0.8554216867469879,
    "precision": 1.0,
    "recall": 0.7473684210526316,
    "auc": 0.8736842105263158,
    "fpr": 0.0
  }
}