{
  "probe(L11,mean)": {
    "accuracy": 0.9651162790697675,
    "f1": 0.9655172413793104,
    "precision": 0.9545454545454546,
    "recall": 0.9767441860465116,
    "auc": 0.9956733369388859,
    "fpr": 0.046511627906976744
  },
  "keyword_filter": {
    "accuracy": 0.8953488372093024,
    "f1": 0.8831168831168831,
    "precision": 1.0,
    "recall": 0.7906976744186046,
    "auc": 0.8953488372093024,
    "fpr": 0.0
  }
}